bin,time_start,from_state,to_Sleep,to_Home,to_Away
0,04:00,Sleep,0.9980952107724836,0.0015435691550185343,0.0003612200724978174
0,04:00,Home,0.10066359901006108,0.8993364009899388,0.0
0,04:00,Away,0.08135393349981904,0.16860509886909417,0.7500409676310867
1,04:15,Sleep,0.9931629192559114,0.006591627477211375,0.00024545326687724396
1,04:15,Home,0.022679958261446843,0.9773200417385531,0.0
1,04:15,Away,0.0,0.11465531189252118,0.8853446881074788
2,04:30,Sleep,0.9995604024023335,0.0002301439161841978,0.00020945368148238082
2,04:30,Home,0.01796271048212575,0.9747991515135774,0.007238138004296872
2,04:30,Away,0.0,0.04611492804085229,0.9538850719591477
3,04:45,Sleep,0.9707257430140324,0.021127656513645385,0.008146600472322215
3,04:45,Home,0.10878108859192533,0.8618114927254419,0.029407418682632844
3,04:45,Away,0.039601394091837515,0.2111026437339071,0.7492959621742554
4,05:00,Sleep,0.9996897107366722,0.0,0.00031028926332775305
4,05:00,Home,0.007533860265941361,0.9768219921974253,0.01564414753663347
4,05:00,Away,0.019113331925273275,0.07635288751964488,0.9045337805550818
5,05:15,Sleep,0.9734616256966517,0.021701594478108134,0.004836779825240243
5,05:15,Home,0.049227601780628544,0.9363750493292972,0.01439734889007437
5,05:15,Away,0.0,0.2875437974814064,0.7124562025185935
6,05:30,Sleep,0.998422674879191,0.0015773251208090519,0.0
6,05:30,Home,0.0,0.983401432140396,0.016598567859604105
6,05:30,Away,0.0,0.10949892050093872,0.8905010794990612
7,05:45,Sleep,0.9235980883362244,0.05958289605441161,0.016819015609363948
7,05:45,Home,0.04837013569583259,0.9268875328397198,0.024742331464447678
7,05:45,Away,0.034076296116169726,0.31998744076229024,0.6459362631215401
8,06:00,Sleep,0.9982177260051358,0.0007782671694731805,0.0010040068253910621
8,06:00,Home,0.009952533492124625,0.9806776245791929,0.009369841928682402
8,06:00,Away,0.05412831371646002,0.24197498511655544,0.7038967011669846
9,06:15,Sleep,0.956490900452149,0.033861568248645474,0.009647531299205548
9,06:15,Home,0.02503117499160219,0.9576225495577035,0.01734627545069423
9,06:15,Away,0.019568649282709103,0.33981212800020044,0.6406192227170904
10,06:30,Sleep,0.997040508755671,0.002625821373660431,0.00033366987066853345
10,06:30,Home,0.005317934014385456,0.9746076877327137,0.02007437825290092
10,06:30,Away,0.034919435084248114,0.22584512320265152,0.7392354417131004
11,06:45,Sleep,0.8528605194200736,0.12377095472684173,0.02336852585308472
11,06:45,Home,0.020298787274331608,0.9299503461241035,0.04975086660156493
11,06:45,Away,0.038107774741972224,0.3419186382824124,0.6199735869756152
12,07:00,Sleep,0.9952415131563372,0.0033041842189794886,0.001454302624683175
12,07:00,Home,0.0037187771420494954,0.9754737061699601,0.020807516687990545
12,07:00,Away,0.06750732712851834,0.29936364688872685,0.6331290259827548
13,07:15,Sleep,0.9226336204003817,0.06514547072472548,0.012220908874892862
13,07:15,Home,0.006044381329132467,0.9730705592398554,0.02088505943101207
13,07:15,Away,0.05557564328069039,0.40539518098072147,0.5390291757385882
14,07:30,Sleep,0.9936432254661487,0.0051091591449167265,0.0012476153889345234
14,07:30,Home,0.0025023964232922507,0.9833223205506153,0.014175283026092523
14,07:30,Away,0.018977349395315743,0.4731544748809219,0.5078681757237625
15,07:45,Sleep,0.7372077251424324,0.22715710086207472,0.035635173995492854
15,07:45,Home,0.0031873923281011142,0.9834352456734894,0.01337736199840947
15,07:45,Away,0.07613209284495857,0.6936377718351739,0.2302301353198675
16,08:00,Sleep,0.99147211041365,0.005592153688755016,0.002935735897594984
16,08:00,Home,0.00423390577858657,0.9820147932016747,0.0137513010197387
16,08:00,Away,0.0,0.5576208917095671,0.4423791082904328
17,08:15,Sleep,0.874227925048506,0.1108515320963583,0.014920542855135768
17,08:15,Home,0.0067232113001458125,0.9650496000022641,0.028227188697589913
17,08:15,Away,0.0,0.4722812611134867,0.5277187388865133
18,08:30,Sleep,0.991899487627417,0.006392607290636653,0.001707905081946475
18,08:30,Home,0.001370611160064243,0.9854709378183557,0.01315845102157994
18,08:30,Away,0.0,0.49595028920663115,0.504049710793369
19,08:45,Sleep,0.6498849942206277,0.2759475228735901,0.07416748290578223
19,08:45,Home,0.005558658036489415,0.9680066540840084,0.02643468787950213
19,08:45,Away,0.0,0.36736408285692135,0.6326359171430785
20,09:00,Sleep,0.9896268719382932,0.009017815075091263,0.0013553129866153942
20,09:00,Home,0.001631703700351044,0.9858007669831154,0.01256752931653359
20,09:00,Away,0.014525491718226646,0.3569476959117125,0.6285268123700608
21,09:15,Sleep,0.8537633915977594,0.11065454564166097,0.035582062760579646
21,09:15,Home,0.0053520041777298435,0.982241199360851,0.01240679646141923
21,09:15,Away,0.0,0.4505580868242599,0.54944191317574
22,09:30,Sleep,0.9810239679153508,0.01810487182280427,0.0008711602618448845
22,09:30,Home,0.0050003284030189065,0.9864404949413595,0.008559176655621574
22,09:30,Away,0.021647879435201814,0.36922261907543985,0.6091295014893584
23,09:45,Sleep,0.5683995969447574,0.3425293910434827,0.08907101201175989
23,09:45,Home,0.0037098872726990554,0.98307025705185,0.013219855675450908
23,09:45,Away,0.009267048276520015,0.55972340970862,0.4310095420148602
24,10:00,Sleep,0.9901323279046886,0.009867672095311291,0.0
24,10:00,Home,0.00217019823466641,0.9832943047655277,0.014535496999805985
24,10:00,Away,0.0,0.38648720093065614,0.6135127990693439
25,10:15,Sleep,0.8561068161798152,0.11884922576438474,0.02504395805580001
25,10:15,Home,0.0022320072562231857,0.9809101976258169,0.016857795117959935
25,10:15,Away,0.0,0.36825928045397055,0.6317407195460294
26,10:30,Sleep,0.980915702150081,0.006729659233140144,0.012354638616778945
26,10:30,Home,0.006590859962251647,0.9850437707717044,0.008365369266044132
26,10:30,Away,0.016476315927431873,0.3436620390024819,0.6398616450700862
27,10:45,Sleep,0.6413287480255956,0.27654356361726656,0.08212768835713775
27,10:45,Home,0.005102700709112689,0.9741809597112732,0.02071633957961406
27,10:45,Away,0.0,0.46731596761663413,0.5326840323833658
28,11:00,Sleep,0.993953116828657,0.003501451498975189,0.0025454316723679026
28,11:00,Home,0.0009169783119979826,0.983720670954187,0.01536235073381501
28,11:00,Away,0.0,0.24400516314636436,0.7559948368536357
29,11:15,Sleep,0.9269641385709464,0.07148588240170754,0.001549979027346147
29,11:15,Home,0.0050824969761902195,0.9770637073690175,0.017853795654792365
29,11:15,Away,0.0,0.34453132791262375,0.6554686720873762
30,11:30,Sleep,0.9800035265775262,0.01999647342247376,0.0
30,11:30,Home,0.0024918175435621743,0.9904633767728527,0.007044805683585076
30,11:30,Away,0.003266914306202711,0.3297065757053744,0.6670265099884229
31,11:45,Sleep,0.6319173884225011,0.324656354860428,0.043426256717070864
31,11:45,Home,0.007911652176968724,0.968923835334927,0.023164512488104305
31,11:45,Away,0.0,0.5241175736440119,0.47588242635598815
32,12:00,Sleep,0.984496615448951,0.015503384551049076,0.0
32,12:00,Home,0.0015306459950472312,0.9895515415097048,0.008917812495247979
32,12:00,Away,0.0,0.24715365283030233,0.7528463471696976
33,12:15,Sleep,0.9369856784211051,0.046956835924808295,0.01605748565408657
33,12:15,Home,0.007653094384855658,0.982959549925132,0.009387355690012419
33,12:15,Away,0.0,0.31501774972256447,0.6849822502774355
34,12:30,Sleep,0.9744067546569548,0.020553172047246406,0.005040073295798747
34,12:30,Home,0.005386749939117735,0.9914633582459649,0.003149891814917439
34,12:30,Away,0.0,0.33716609243580825,0.6628339075641918
35,12:45,Sleep,0.7663503064616949,0.18704768992347875,0.046602003614826304
35,12:45,Home,0.01103473135449132,0.9754336157305834,0.01353165291492527
35,12:45,Away,0.04556660531685862,0.5284141249987587,0.4260192696843826
36,13:00,Sleep,0.994132266432769,0.005867733567230961,0.0
36,13:00,Home,0.005808644881767214,0.9835373577159316,0.01065399740230118
36,13:00,Away,0.0,0.40530859675449826,0.5946914032455017
37,13:15,Sleep,0.9025906081969892,0.09251356668119745,0.004895825121813358
37,13:15,Home,0.008527921175721468,0.9824021974433097,0.009069881380968783
37,13:15,Away,0.0,0.3500404064083813,0.6499595935916187
38,13:30,Sleep,0.9411908702866792,0.04946915033988843,0.009339979373432382
38,13:30,Home,0.009062865848807989,0.985042577367613,0.005894556783579012
38,13:30,Away,0.0,0.28161935088207934,0.7183806491179207
39,13:45,Sleep,0.74815425529465,0.2109247831592284,0.04092096154612166
39,13:45,Home,0.012122262178029149,0.9695228079417549,0.018354929880216024
39,13:45,Away,0.03193311983499171,0.41464742773139524,0.553419452433613
40,14:00,Sleep,0.9536736376406862,0.04632636235931387,0.0
40,14:00,Home,0.005349012500875306,0.9831189602219346,0.011532027277190162
40,14:00,Away,0.0,0.15903185953633522,0.8409681404636647
41,14:15,Sleep,0.9598083445922501,0.04019165540774984,0.0
41,14:15,Home,0.009913339090769233,0.9791826850410105,0.010903975868220351
41,14:15,Away,0.0250405721693389,0.26427094851201155,0.7106884793186496
42,14:30,Sleep,0.9520090996728651,0.04799090032713493,0.0
42,14:30,Home,0.0028594946572675795,0.9866151696942542,0.010525335648478212
42,14:30,Away,0.01791420336036749,0.21537100644273274,0.7667147901968997
43,14:45,Sleep,0.8087360166901635,0.16057515189746582,0.03068883141237083
43,14:45,Home,0.012619923148061329,0.9675640841625588,0.019815992689379804
43,14:45,Away,0.09601790100855345,0.3539903706614737,0.5499917283299728
44,15:00,Sleep,0.9370236592416722,0.06297634075832778,0.0
44,15:00,Home,0.002706816838466871,0.9902736313051804,0.007019551856352654
44,15:00,Away,0.010189810850025422,0.2669034141095925,0.7229067750403821
45,15:15,Sleep,0.887485257827808,0.10511828984759493,0.007396452324597174
45,15:15,Home,0.008326207358923707,0.9809377382299054,0.010736054411170934
45,15:15,Away,0.0,0.3456351910702558,0.6543648089297441
46,15:30,Sleep,0.9768664291785907,0.01941500135988573,0.0037185694615235972
46,15:30,Home,0.00216170506307808,0.9920908577108527,0.005747437226069114
46,15:30,Away,0.0,0.1817382322984894,0.8182617677015106
47,15:45,Sleep,0.7858967397164563,0.2097282513328883,0.004375008950655504
47,15:45,Home,0.009971452425319894,0.9722536585489233,0.01777488902575677
47,15:45,Away,0.0,0.40608713004634384,0.5939128699536562
48,16:00,Sleep,0.941953068019246,0.05021026859284707,0.007836663387906949
48,16:00,Home,0.0013758710981368173,0.992782405740794,0.005841723161069285
48,16:00,Away,0.0,0.29703624221282926,0.7029637577871707
49,16:15,Sleep,0.8569771981869633,0.12461630112077088,0.018406500692265824
49,16:15,Home,0.0028497584984429904,0.9874884660191069,0.009661775482450017
49,16:15,Away,0.0,0.4165850487942305,0.5834149512057695
50,16:30,Sleep,0.9385308156149522,0.05743761492926635,0.004031569455781448
50,16:30,Home,0.00477167398938676,0.9875431880911199,0.007685137919493481
50,16:30,Away,0.01122333277609733,0.3218532541608631,0.6669234130630395
51,16:45,Sleep,0.7697097328812204,0.21173372322803455,0.0185565438907451
51,16:45,Home,0.004131872345126645,0.9700347334500541,0.025833394204819247
51,16:45,Away,0.0,0.44614337817450567,0.5538566218254943
52,17:00,Sleep,0.9658264528739557,0.027522560906394614,0.006650986219649688
52,17:00,Home,0.002967145592356063,0.9827382704662984,0.014294583941345558
52,17:00,Away,0.0054734210684866036,0.28872692081622836,0.705799658115285
53,17:15,Sleep,0.87355438325091,0.11735883430682519,0.00908678244226485
53,17:15,Home,0.001982033407278782,0.9749131519017638,0.023104814690957508
53,17:15,Away,0.0,0.4066755121667246,0.5933244878332755
54,17:30,Sleep,0.9764028424547256,0.0159201110015384,0.007677046543735913
54,17:30,Home,0.002295000197152676,0.9882947610530033,0.009410238749844075
54,17:30,Away,0.010249053143834008,0.200134916520126,0.78961603033604
55,17:45,Sleep,0.7780250586132528,0.18192824161288532,0.04004669977386187
55,17:45,Home,0.0036541116451559827,0.9723340596071552,0.024011828747688785
55,17:45,Away,0.0,0.4299279488516119,0.5700720511483881
56,18:00,Sleep,0.9380544900978077,0.03346908372124129,0.028476426180951038
56,18:00,Home,0.0029307949338951045,0.9835627046003967,0.013506500465708183
56,18:00,Away,0.0,0.2436876606458501,0.7563123393541499
57,18:15,Sleep,0.9030811753841193,0.0595882027961802,0.03733062181970057
57,18:15,Home,0.006366201277000863,0.9805575342057755,0.013076264517223633
57,18:15,Away,0.03263644504914854,0.29132759217978904,0.6760359627710625
58,18:30,Sleep,0.9464609986917133,0.045923062310832964,0.0076159389974537065
58,18:30,Home,0.005841076341586941,0.9826523560365474,0.011506567621865582
58,18:30,Away,0.01928235307558505,0.2376018142943074,0.7431158326301075
59,18:45,Sleep,0.7946924744349991,0.20000670727150488,0.0053008182934958705
59,18:45,Home,0.007750847372094963,0.9648168977796264,0.027432254848278673
59,18:45,Away,0.03645564092922679,0.3433480521527596,0.6201963069180136
60,19:00,Sleep,0.9690550019653138,0.030944998034686148,0.0
60,19:00,Home,0.002690793383822559,0.9853316944022605,0.011977512213916866
60,19:00,Away,0.03380786796334726,0.3533076392036951,0.6128844928329577
61,19:15,Sleep,0.9609796807468646,0.03902031925313538,0.0
61,19:15,Home,0.010926436503063441,0.9650810532650401,0.023992510231896455
61,19:15,Away,0.009435768274993666,0.3828597517307379,0.6077044799942685
62,19:30,Sleep,0.9759033021858977,0.0054889050113734825,0.01860779280272872
62,19:30,Home,0.005567323624473488,0.9795164136520438,0.014916262723482792
62,19:30,Away,0.10331042189557538,0.2419819262581463,0.6547076518462783
63,19:45,Sleep,0.9300427448763451,0.0699572551236549,0.0
63,19:45,Home,0.03985751298937238,0.9259396564442639,0.03420283056636367
63,19:45,Away,0.10466145480129403,0.48143130570600795,0.413907239492698
64,20:00,Sleep,0.9845840194299768,0.01541598057002318,0.0
64,20:00,Home,0.011593962098505306,0.9677815841318865,0.020624453769608232
64,20:00,Away,0.10145431672992733,0.19123345168821346,0.7073122315818592
65,20:15,Sleep,0.9789202427680339,0.019529778789002538,0.001549978442963473
65,20:15,Home,0.03224025956391577,0.9389816583911521,0.0287780820449321
65,20:15,Away,0.06420624362633474,0.3575923314813775,0.5782014248922878
66,20:30,Sleep,0.995431215789042,0.0045687842109580065,0.0
66,20:30,Home,0.01484632883487675,0.9673205405315612,0.017833130633562035
66,20:30,Away,0.24581569997621136,0.18063258562629958,0.5735517143974891
67,20:45,Sleep,0.9939778321003504,0.004845278253938171,0.0011768896457114394
67,20:45,Home,0.10699459978153894,0.8544120501283553,0.03859335009010574
67,20:45,Away,0.215162473918376,0.3589569823257606,0.42588054375586326
68,21:00,Sleep,0.9993603113280606,0.0006396886719394249,0.0
68,21:00,Home,0.025012709136982975,0.9559871718710815,0.01900011899193549
68,21:00,Away,0.19825645460168467,0.23002662165550233,0.571716923742813
69,21:15,Sleep,0.9947625427157935,0.005237457284206623,0.0
69,21:15,Home,0.08367133795979358,0.8786473314131821,0.0376813306270244
69,21:15,Away,0.2264224894493616,0.2354631747946396,0.5381143357559989
70,21:30,Sleep,0.9985545557797485,0.0014454442202514294,0.0
70,21:30,Home,0.03636125085406923,0.9495628768565962,0.014075872289334452
70,21:30,Away,0.2094679420557899,0.1909225858498597,0.5996094720943504
71,21:45,Sleep,0.9925322813111797,0.005560946043371007,0.00190677264544935
71,21:45,Home,0.20734765589603982,0.7368087414865688,0.05584360261739141
71,21:45,Away,0.3516289049034884,0.23793607910084563,0.41043501599566595
72,22:00,Sleep,0.999118354994613,0.0008816450053869339,0.0
72,22:00,Home,0.058475854701261126,0.9178891483657151,0.023634996933023653
72,22:00,Away,0.25679824428745285,0.2229453438370553,0.5202564118754918
73,22:15,Sleep,0.9923519385016311,0.004328767694719414,0.0033192938036494465
73,22:15,Home,0.14215428649793937,0.8176850020673168,0.04016071143474386
73,22:15,Away,0.4076420440149376,0.21156932325656858,0.38078863272849395
74,22:30,Sleep,0.999778002138109,0.00022199786189106685,0.0
74,22:30,Home,0.04683772817085221,0.9314586579135502,0.021703613915597598
74,22:30,Away,0.17041349353776222,0.20594034187097984,0.6236461645912579
75,22:45,Sleep,0.9950937247152345,0.003705807049904977,0.0012004682348604734
75,22:45,Home,0.27910218666191466,0.6887984866967453,0.03209932664134019
75,22:45,Away,0.4081116515630168,0.09545589053767382,0.4964324578993094
76,23:00,Sleep,0.9995859063901888,0.00041409360981108106,0.0
76,23:00,Home,0.07006267212387146,0.91663488153923,0.013302446336898496
76,23:00,Away,0.3480187856341755,0.14419586540652515,0.5077853489592994
77,23:15,Sleep,0.9981013642651468,0.001898635734853109,0.0
77,23:15,Home,0.149396122052882,0.8063226251594221,0.044281252787695874
77,23:15,Away,0.372426411249134,0.11939989010592414,0.5081736986449417
78,23:30,Sleep,1.0,0.0,0.0
78,23:30,Home,0.043778624161196496,0.9483505627098405,0.007870813128962912
78,23:30,Away,0.4499950998876699,0.14103531136167727,0.4089695887506528
79,23:45,Sleep,0.992941858193072,0.005629619816715855,0.001428521990212215
79,23:45,Home,0.28836860208419757,0.6873921318330608,0.024239266082741517
79,23:45,Away,0.25032420693580754,0.22377846261816123,0.5258973304460313
80,00:00,Sleep,1.0,0.0,0.0
80,00:00,Home,0.0680466268127024,0.9217626590616583,0.010190714125639369
80,00:00,Away,0.3562183590771892,0.1494652077975867,0.49431643312522405
81,00:15,Sleep,0.9987265677591934,0.0011191209377882393,0.00015431130301827157
81,00:15,Home,0.12145824392728384,0.8695938296798804,0.008947926392835709
81,00:15,Away,0.1420600358639007,0.0544585628508064,0.803481401285293
82,00:30,Sleep,1.0,0.0,0.0
82,00:30,Home,0.04439362447376551,0.9430540572426904,0.012552318283544129
82,00:30,Away,0.10144703168483714,0.058927484781006595,0.8396254835341563
83,00:45,Sleep,0.9977025844878682,0.0022974155121317607,0.0
83,00:45,Home,0.3238514184829354,0.6475724854915977,0.028576096025466808
83,00:45,Away,0.5014058170956883,0.11858477670323316,0.3800094062010785
84,01:00,Sleep,0.9984027850370019,0.0015972149629981767,0.0
84,01:00,Home,0.02224256595782709,0.9723528642392598,0.005404569802913082
84,01:00,Away,0.396212163205733,0.11740041642740427,0.4863874203668627
85,01:15,Sleep,0.9979253368965685,0.0015324546844687826,0.0005422084189626845
85,01:15,Home,0.11168409754079085,0.8233774759239287,0.06493842653528044
85,01:15,Away,0.351087162035968,0.07448433573692996,0.5744285022271021
86,01:30,Sleep,1.0,0.0,0.0
86,01:30,Home,0.03903877235416307,0.9576995229792875,0.0032617046665493385
86,01:30,Away,0.10728151431163967,0.07468851540774281,0.8180299702806176
87,01:45,Sleep,0.9932882075138132,0.005581131316162565,0.001130661170024221
87,01:45,Home,0.21863374853186154,0.7702415528572749,0.011124698610863598
87,01:45,Away,0.14228829509716648,0.15801673792560603,0.6996949669772274
88,02:00,Sleep,1.0,0.0,0.0
88,02:00,Home,0.06524009321726669,0.9347599067827332,0.0
88,02:00,Away,0.13834794675947187,0.0,0.8616520532405281
89,02:15,Sleep,0.9962518754605029,0.0020135472258749087,0.0017345773136223275
89,02:15,Home,0.09986320598012748,0.8923733185174467,0.007763475502425752
89,02:15,Away,0.8838706428002542,0.0,0.11612935719974582
90,02:30,Sleep,0.9984846532285265,0.0015153467714735234,0.0
90,02:30,Home,0.018416075699956493,0.9815839243000435,0.0
90,02:30,Away,0.09820673680012328,0.0,0.9017932631998766
91,02:45,Sleep,0.9898213918151912,0.008203012118109289,0.001975596066699466
91,02:45,Home,0.1843007093395673,0.6825749247615283,0.13312436589890453
91,02:45,Away,0.0,0.11311299479510685,0.8868870052048932
92,03:00,Sleep,0.9979832978462316,0.000627048535124929,0.001389653618643473
92,03:00,Home,0.05964650457159583,0.9275972708948745,0.012756224533529682
92,03:00,Away,0.0697903549242012,0.09629958167037911,0.8339100634054197
93,03:15,Sleep,0.993952490976816,0.0040436021217353565,0.002003906901448626
93,03:15,Home,0.10936710918457596,0.8550906254729621,0.03554226534246199
93,03:15,Away,0.019860496216528006,0.13607958416775298,0.844059919615719
94,03:30,Sleep,0.9959560215127876,0.0,0.004043978487212402
94,03:30,Home,0.10123003656989653,0.8740446405111769,0.02472532291892656
94,03:30,Away,0.012918703735177891,0.0,0.9870812962648221
