minute_of_day,fraction_away_from_home,day_of_week,time_label,fraction_away_smoothed
0,0.07935112600957556,Saturday,Saturday 00:00,0.055887103547679444
5,0.0,Saturday,Saturday 00:05,0.05509432532155691
10,0.0,Saturday,Saturday 00:10,0.05606776873049725
15,0.22741489511455004,Saturday,Saturday 00:15,0.05876856621215546
20,0.0,Saturday,Saturday 00:20,0.06306982857619983
25,0.0,Saturday,Saturday 00:25,0.0686791901561893
30,0.0,Saturday,Saturday 00:30,0.07503321733717025
35,0.0,Saturday,Saturday 00:35,0.08137707278070763
40,0.0,Saturday,Saturday 00:40,0.08684546364840595
45,0.6241024695302253,Saturday,Saturday 00:45,0.0906805023343464
50,0.0,Saturday,Saturday 00:50,0.09243179898332915
55,0.0,Saturday,Saturday 00:55,0.09209772093933845
60,0.11915037112680109,Saturday,Saturday 01:00,0.09007973890493323
65,0.0,Saturday,Saturday 01:05,0.08715017096995423
70,0.0,Saturday,Saturday 01:10,0.08415573320730363
75,0.32681465742614474,Saturday,Saturday 01:15,0.08198400981485059
80,0.0,Saturday,Saturday 01:20,0.08128715533470268
85,0.0,Saturday,Saturday 01:25,0.08252903265623537
90,0.0,Saturday,Saturday 01:30,0.08601079367575395
95,0.0,Saturday,Saturday 01:35,0.09200266062528357
100,0.0,Saturday,Saturday 01:40,0.10082472963089714
105,0.5833860574376617,Saturday,Saturday 01:45,0.11305874090428886
110,0.0,Saturday,Saturday 01:50,0.12942992510839124
115,0.0,Saturday,Saturday 01:55,0.1506280306162374
120,0.0,Saturday,Saturday 02:00,0.17690352767786433
125,0.0,Saturday,Saturday 02:05,0.2076828294470127
130,0.0,Saturday,Saturday 02:10,0.24127635255727237
135,0.7288702072297222,Saturday,Saturday 02:15,0.275048094323163
140,0.0,Saturday,Saturday 02:20,0.3057425193613109
145,1.0,Saturday,Saturday 02:25,0.3301840038263611
150,0.0,Saturday,Saturday 02:30,0.34591007739876567
155,1.0,Saturday,Saturday 02:35,0.35159987709834967
160,0.4099391374671899,Saturday,Saturday 02:40,0.34720419823140963
165,0.0,Saturday,Saturday 02:45,0.33377343070717796
170,0.0,Saturday,Saturday 02:50,0.31308538277599696
175,1.0,Saturday,Saturday 02:55,0.28725342976043383
180,0.1459817153614348,Saturday,Saturday 03:00,0.25840642843241446
185,0.24570502665477098,Saturday,Saturday 03:05,0.2284598912517529
190,0.0,Saturday,Saturday 03:10,0.19897263742129884
195,0.0,Saturday,Saturday 03:15,0.17113095323690233
200,0.0,Saturday,Saturday 03:20,0.14572489434284056
205,0.5556561329640982,Saturday,Saturday 03:25,0.12327196581976825
210,0.0,Saturday,Saturday 03:30,0.10413033436225799
215,0.0,Saturday,Saturday 03:35,0.08858709402088724
220,0.0,Saturday,Saturday 03:40,0.07684727567835574
225,0.0,Saturday,Saturday 03:45,0.068982094306797
230,0.0,Saturday,Saturday 03:50,0.06473516973627627
235,0.0,Saturday,Saturday 03:55,0.0635691564683605
240,0.09449000839259003,Saturday,Saturday 04:00,0.06457281105369937
245,0.0,Saturday,Saturday 04:05,0.06678784720624555
250,0.2949735331325429,Saturday,Saturday 04:10,0.06930499145118965
255,0.14382911760357506,Saturday,Saturday 04:15,0.07149654213410138
260,0.0,Saturday,Saturday 04:20,0.07306694270003475
265,0.0,Saturday,Saturday 04:25,0.07403863425311277
270,0.0,Saturday,Saturday 04:30,0.07451209117418224
275,0.0,Saturday,Saturday 04:35,0.07463498886400136
280,0.2691801927318846,Saturday,Saturday 04:40,0.07449869039337409
285,0.17188621641168486,Saturday,Saturday 04:45,0.07417878725228745
290,0.0,Saturday,Saturday 04:50,0.07376881763374947
295,0.0,Saturday,Saturday 04:55,0.07343752061174537
300,0.08828545660221919,Saturday,Saturday 05:00,0.07337569828701968
305,0.0,Saturday,Saturday 05:05,0.07380603750793106
310,0.07379905825092282,Saturday,Saturday 05:10,0.07492429793435544
315,0.20830489662227306,Saturday,Saturday 05:15,0.07690140015768442
320,0.0,Saturday,Saturday 05:20,0.07987467825328401
325,0.10854482217834187,Saturday,Saturday 05:25,0.08394487923130912
330,0.06078398063553956,Saturday,Saturday 05:30,0.08914469823663483
335,0.040168177780530175,Saturday,Saturday 05:35,0.09537848848079693
340,0.0,Saturday,Saturday 05:40,0.10240224272059037
345,0.17584527232018513,Saturday,Saturday 05:45,0.10983268612154487
350,0.18001648453826538,Saturday,Saturday 05:50,0.11723020371959714
355,0.18795436327418036,Saturday,Saturday 05:55,0.12423173347653133
360,0.09769005393337646,Saturday,Saturday 06:00,0.13066286119367027
365,0.11830134452096222,Saturday,Saturday 06:05,0.13658570110259177
370,0.21315712620942764,Saturday,Saturday 06:10,0.1422598146324185
375,0.09233954577617096,Saturday,Saturday 06:15,0.1480301230118585
380,0.07904593290870068,Saturday,Saturday 06:20,0.15417399692803874
385,0.19882321294075375,Saturday,Saturday 06:25,0.16078233072841197
390,0.10992881990497447,Saturday,Saturday 06:30,0.16771265511320693
395,0.21006303381203417,Saturday,Saturday 06:35,0.17460336442955984
400,0.20593710899775955,Saturday,Saturday 06:40,0.18099955846949026
405,0.2150541374136683,Saturday,Saturday 06:45,0.18650532214517448
410,0.200923694874763,Saturday,Saturday 06:50,0.19089421653644306
415,0.2785180799228152,Saturday,Saturday 06:55,0.19420823012154365
420,0.139421969679697,Saturday,Saturday 07:00,0.1967397210684402
425,0.2201300807046841,Saturday,Saturday 07:05,0.19896619505694463
430,0.1848486588959407,Saturday,Saturday 07:10,0.20140392732973095
435,0.11409378733240773,Saturday,Saturday 07:15,0.20450870623184245
440,0.16590159895160186,Saturday,Saturday 07:20,0.2085513344544224
445,0.3589854262764724,Saturday,Saturday 07:25,0.21359347901650433
450,0.151182114809912,Saturday,Saturday 07:30,0.21948198661200533
455,0.17691298081680729,Saturday,Saturday 07:35,0.2259306432980655
460,0.23842171094630304,Saturday,Saturday 07:40,0.2325786393401839
465,0.22170338888770272,Saturday,Saturday 07:45,0.23909996912522155
470,0.3537968472192027,Saturday,Saturday 07:50,0.24526717602863665
475,0.2849943466000907,Saturday,Saturday 07:55,0.25102017967411955
480,0.17428307417107508,Saturday,Saturday 08:00,0.25645982509945053
485,0.254119331716133,Saturday,Saturday 08:05,0.2618398407397972
490,0.2974789483604255,Saturday,Saturday 08:10,0.2674801430059618
495,0.2723411980063048,Saturday,Saturday 08:15,0.27370190626929414
500,0.19511502738664593,Saturday,Saturday 08:20,0.2807347524540711
505,0.36807317817068275,Saturday,Saturday 08:25,0.28867183354925524
510,0.2116681953083566,Saturday,Saturday 08:30,0.2974368971961343
515,0.32665974907295925,Saturday,Saturday 08:35,0.30680851670214015
520,0.2881701084274701,Saturday,Saturday 08:40,0.31646131734503347
525,0.40504119564937635,Saturday,Saturday 08:45,0.3260347451710037
530,0.2693347636678208,Saturday,Saturday 08:50,0.33519601709175106
535,0.4794428403575564,Saturday,Saturday 08:55,0.3436955188983027
540,0.23960898781181075,Saturday,Saturday 09:00,0.35137198495197175
545,0.3993517942006671,Saturday,Saturday 09:05,0.35817787496235287
550,0.36282777412421446,Saturday,Saturday 09:10,0.36414611821999576
555,0.4013563121004892,Saturday,Saturday 09:15,0.3693820711464571
560,0.34238881756310047,Saturday,Saturday 09:20,0.37403856522649237
565,0.4501551228897887,Saturday,Saturday 09:25,0.37830081253300085
570,0.3254163580509678,Saturday,Saturday 09:30,0.3823647582158469
575,0.39119164144987767,Saturday,Saturday 09:35,0.3864231866904153
580,0.37095291923600915,Saturday,Saturday 09:40,0.39064517052698217
585,0.37457123961383293,Saturday,Saturday 09:45,0.3951485523307492
590,0.4594644680849878,Saturday,Saturday 09:50,0.39998332661576896
595,0.4147823652560552,Saturday,Saturday 09:55,0.4051277176098148
600,0.3325228070241978,Saturday,Saturday 10:00,0.4104604141017041
605,0.3961791387104906,Saturday,Saturday 10:05,0.41578337121639614
610,0.4633197123855688,Saturday,Saturday 10:10,0.42082205187682875
615,0.4715034896028114,Saturday,Saturday 10:15,0.42527059969752634
620,0.396336000069643,Saturday,Saturday 10:20,0.42881057403685174
625,0.5040147897093932,Saturday,Saturday 10:25,0.43119607106186586
630,0.3684337216808781,Saturday,Saturday 10:30,0.4322611924247201
635,0.4848693716054565,Saturday,Saturday 10:35,0.4319868465973555
640,0.42516195238064847,Saturday,Saturday 10:40,0.4305005953041184
645,0.4695200784413951,Saturday,Saturday 10:45,0.4280820990188132
650,0.4757531108811975,Saturday,Saturday 10:50,0.4251052592186598
655,0.36222439122960776,Saturday,Saturday 10:55,0.4219894589620543
660,0.37900258322125085,Saturday,Saturday 11:00,0.419103612627988
665,0.3699284467493307,Saturday,Saturday 11:05,0.4167146361548105
670,0.4299675330890888,Saturday,Saturday 11:10,0.41493398032804035
675,0.4574794460746951,Saturday,Saturday 11:15,0.41373480401142215
680,0.4213671923971806,Saturday,Saturday 11:20,0.41298645433133885
685,0.39053303816912205,Saturday,Saturday 11:25,0.41251059123682415
690,0.3793251135154932,Saturday,Saturday 11:30,0.412137714398759
695,0.46349223446839954,Saturday,Saturday 11:35,0.4117427405837724
700,0.35555371808222397,Saturday,Saturday 11:40,0.41126141604983424
705,0.45240943309604215,Saturday,Saturday 11:45,0.4107158857461164
710,0.4558960869943853,Saturday,Saturday 11:50,0.4101937825823742
715,0.3875809095011138,Saturday,Saturday 11:55,0.409862510875625
720,0.3205707532879205,Saturday,Saturday 12:00,0.40992565568422434
725,0.4626205137541864,Saturday,Saturday 12:05,0.4106045998706237
730,0.4330368333377164,Saturday,Saturday 12:10,0.4120761928074394
735,0.3926605193035883,Saturday,Saturday 12:15,0.4144321110463017
740,0.3439713388507833,Saturday,Saturday 12:20,0.4176306967607226
745,0.44118657436062536,Saturday,Saturday 12:25,0.42146630763794884
750,0.4035945856614557,Saturday,Saturday 12:30,0.4255908661379655
755,0.4884562166916983,Saturday,Saturday 12:35,0.42955081960830055
760,0.4345316278194783,Saturday,Saturday 12:40,0.43286256103279164
765,0.3835138565736899,Saturday,Saturday 12:45,0.43511231363800995
770,0.5123226565169066,Saturday,Saturday 12:50,0.43603309517530353
775,0.550978161999457,Saturday,Saturday 12:55,0.4355663343346022
780,0.3343158218499931,Saturday,Saturday 13:00,0.4338824691247194
785,0.4600035825286233,Saturday,Saturday 13:05,0.4313394575427649
790,0.40073485914147927,Saturday,Saturday 13:10,0.42840407976593275
795,0.4345333437740223,Saturday,Saturday 13:15,0.4255700564171783
800,0.4330306894775943,Saturday,Saturday 13:20,0.4232409255042539
805,0.4045791506158669,Saturday,Saturday 13:25,0.42165795639846204
810,0.3569862542144864,Saturday,Saturday 13:30,0.42086576188305624
815,0.3941922519461236,Saturday,Saturday 13:35,0.42071629708852437
820,0.47129539980986507,Saturday,Saturday 13:40,0.4209255871441601
825,0.4283272942917461,Saturday,Saturday 13:45,0.4211683936980386
830,0.43938958453079513,Saturday,Saturday 13:50,0.4211759971828328
835,0.473231231103308,Saturday,Saturday 13:55,0.42081414347952417
840,0.36693290048953575,Saturday,Saturday 14:00,0.4201043099343186
845,0.4360065936134538,Saturday,Saturday 14:05,0.4191800140127022
850,0.4348457313880444,Saturday,Saturday 14:10,0.4182032900857592
855,0.34381726207660357,Saturday,Saturday 14:15,0.41724614701928847
860,0.450040782325115,Saturday,Saturday 14:20,0.41621977262815774
865,0.39684869787929256,Saturday,Saturday 14:25,0.4148517439923312
870,0.35644424032703576,Saturday,Saturday 14:30,0.4127351802233821
875,0.5106993095611748,Saturday,Saturday 14:35,0.40947299393003045
880,0.4801483636375859,Saturday,Saturday 14:40,0.40482985724255577
885,0.36702237860965803,Saturday,Saturday 14:45,0.39886856282791594
890,0.47054824493206115,Saturday,Saturday 14:50,0.39199685860995204
895,0.3710696370719858,Saturday,Saturday 14:55,0.3849225231115372
900,0.312945566430297,Saturday,Saturday 15:00,0.3784888886455809
905,0.3128985365627964,Saturday,Saturday 15:05,0.3734772663078444
910,0.3506424128990244,Saturday,Saturday 15:10,0.3703981467496295
915,0.29425919435871606,Saturday,Saturday 15:15,0.3693700055916468
920,0.4134208884321892,Saturday,Saturday 15:20,0.37008803414101504
925,0.31584154128182157,Saturday,Saturday 15:25,0.371924397536528
930,0.432353222662726,Saturday,Saturday 15:30,0.3740736264717449
935,0.42323767284650887,Saturday,Saturday 15:35,0.3757567705206339
940,0.3746050712870392,Saturday,Saturday 15:40,0.3763652392681744
945,0.3964489462778329,Saturday,Saturday 15:45,0.3755613942694089
950,0.4416780215040719,Saturday,Saturday 15:50,0.37329580462720235
955,0.3201849197254679,Saturday,Saturday 15:55,0.3697528600471737
960,0.3436721747050186,Saturday,Saturday 16:00,0.36526267243657684
965,0.40237463242060467,Saturday,Saturday 16:05,0.3602102368194711
970,0.31635781064126745,Saturday,Saturday 16:10,0.3549561136231583
975,0.37598987976770937,Saturday,Saturday 16:15,0.34978451755891243
980,0.31641542245599075,Saturday,Saturday 16:20,0.3449003142848758
985,0.3744404014616837,Saturday,Saturday 16:25,0.34041756413182306
990,0.26819601910554086,Saturday,Saturday 16:30,0.33637155916744865
995,0.38252623782458856,Saturday,Saturday 16:35,0.3327316837841457
1000,0.2917901533553926,Saturday,Saturday 16:40,0.32940314090795775
1005,0.3467480408768402,Saturday,Saturday 16:45,0.32622732941071014
1010,0.30473225262742476,Saturday,Saturday 16:50,0.32298926391861194
1015,0.3644296201100196,Saturday,Saturday 16:55,0.31941584798139483
1020,0.27295191248071055,Saturday,Saturday 17:00,0.3152086839318278
1025,0.3334370654878964,Saturday,Saturday 17:05,0.3100871028886851
1030,0.3021853223763702,Saturday,Saturday 17:10,0.3038429547763247
1035,0.32712621636870004,Saturday,Saturday 17:15,0.2964212208148869
1040,0.36690225845934915,Saturday,Saturday 17:20,0.2879691258402638
1045,0.2684658366837542,Saturday,Saturday 17:25,0.27884811297118484
1050,0.26275929357677263,Saturday,Saturday 17:30,0.2695982898275417
1055,0.21419532198596722,Saturday,Saturday 17:35,0.2608376910122182
1060,0.20553359181508749,Saturday,Saturday 17:40,0.2531257489512874
1065,0.25041000536533115,Saturday,Saturday 17:45,0.24685987337411808
1070,0.21516916723093862,Saturday,Saturday 17:50,0.24218315490542774
1075,0.22650969597902434,Saturday,Saturday 17:55,0.23898776959405107
1080,0.19497898310106945,Saturday,Saturday 18:00,0.2369642816103301
1085,0.2664894949978914,Saturday,Saturday 18:05,0.23570311357678758
1090,0.2730559599149606,Saturday,Saturday 18:10,0.2347965602998844
1095,0.28212717321201275,Saturday,Saturday 18:15,0.233920995130997
1100,0.1640754259099861,Saturday,Saturday 18:20,0.23286182196921196
1105,0.23210393293118725,Saturday,Saturday 18:25,0.23152196066921268
1110,0.21362959672851412,Saturday,Saturday 18:30,0.22986882851974685
1115,0.2803169272026359,Saturday,Saturday 18:35,0.22790401863400175
1120,0.22842056780035155,Saturday,Saturday 18:40,0.2256166543826602
1125,0.19856257156527324,Saturday,Saturday 18:45,0.22297610895625894
1130,0.2210427362227555,Saturday,Saturday 18:50,0.21992636871613253
1135,0.23685809003857594,Saturday,Saturday 18:55,0.21641673327313546
1140,0.17290281518855205,Saturday,Saturday 19:00,0.21242492730796592
1145,0.26035884979440577,Saturday,Saturday 19:05,0.20799609133663577
1150,0.2478794203258606,Saturday,Saturday 19:10,0.20324484087205025
1155,0.16552805273771384,Saturday,Saturday 19:15,0.19836697137877718
1160,0.20931060253568046,Saturday,Saturday 19:20,0.19360420023711494
1165,0.09061644674033702,Saturday,Saturday 19:25,0.18921966119787212
1170,0.18220660815377024,Saturday,Saturday 19:30,0.18545486901050268
1175,0.2660226452251031,Saturday,Saturday 19:35,0.18252619751134458
1180,0.16321765861508258,Saturday,Saturday 19:40,0.18058802319254982
1185,0.16683629800785735,Saturday,Saturday 19:45,0.17973554453274676
1190,0.12433440428217254,Saturday,Saturday 19:50,0.17995965449354673
1195,0.151607700474347,Saturday,Saturday 19:55,0.18113874073478806
1200,0.15757146495327526,Saturday,Saturday 20:00,0.18300376676092653
1205,0.2724839461706416,Saturday,Saturday 20:05,0.18515940068763587
1210,0.13851087108720184,Saturday,Saturday 20:10,0.18713628256698023
1215,0.22545151570522717,Saturday,Saturday 20:15,0.18846666216062852
1220,0.15020635887737527,Saturday,Saturday 20:20,0.18877061480134166
1225,0.30373912206215636,Saturday,Saturday 20:25,0.18783392120333597
1230,0.18687000254115896,Saturday,Saturday 20:30,0.18561101214975279
1235,0.1751557613650836,Saturday,Saturday 20:35,0.1822263687831323
1240,0.13736329302161132,Saturday,Saturday 20:40,0.1779039637219596
1245,0.19945363155598203,Saturday,Saturday 20:45,0.17290237010318923
1250,0.1075534959195263,Saturday,Saturday 20:50,0.1674550560236931
1255,0.2581072003299308,Saturday,Saturday 20:55,0.16174160661767562
1260,0.12480576961605312,Saturday,Saturday 21:00,0.15589416786464275
1265,0.16955492836520786,Saturday,Saturday 21:05,0.15000130607269935
1270,0.08093971325601208,Saturday,Saturday 21:10,0.1441251162199542
1275,0.16548539684547578,Saturday,Saturday 21:15,0.13833786649874927
1280,0.16704882770090013,Saturday,Saturday 21:20,0.13274430480233526
1285,0.05917462295134041,Saturday,Saturday 21:25,0.12750774795468925
1290,0.1445588336635467,Saturday,Saturday 21:30,0.12286960564176613
1295,0.1894404211604067,Saturday,Saturday 21:35,0.11913907877304271
1300,0.04580888055827697,Saturday,Saturday 21:40,0.11663049187313004
1305,0.1535270428385554,Saturday,Saturday 21:45,0.1155820045263513
1310,0.0,Saturday,Saturday 21:50,0.11603268192210521
1315,0.025703751720202315,Saturday,Saturday 21:55,0.11778407166414803
1320,0.10768042777040328,Saturday,Saturday 22:00,0.12038522770491836
1325,0.29673769637768627,Saturday,Saturday 22:05,0.12323302889009337
1330,0.15839640966725793,Saturday,Saturday 22:10,0.12572635131274518
1335,0.06777099529031902,Saturday,Saturday 22:15,0.1274058568099924
1340,0.14516221476241095,Saturday,Saturday 22:20,0.1280704733422691
1345,0.16129064688859981,Saturday,Saturday 22:25,0.12782486285233446
1350,0.10651372127220894,Saturday,Saturday 22:30,0.1270005756431022
1355,0.1068989597256248,Saturday,Saturday 22:35,0.12608041055217095
1360,0.18346755316213148,Saturday,Saturday 22:40,0.12552655053822317
1365,0.10671766494202511,Saturday,Saturday 22:45,0.1256270377985951
1370,0.07140351140705045,Saturday,Saturday 22:50,0.12637041254606257
1375,0.0,Saturday,Saturday 22:55,0.12739370055800983
1380,0.10892955608825887,Saturday,Saturday 23:00,0.12802982474513538
1385,0.2888986576786931,Saturday,Saturday 23:05,0.12749055782663235
1390,0.19430984170936982,Saturday,Saturday 23:10,0.12507460785187882
1395,0.1937624838253995,Saturday,Saturday 23:15,0.12040108127848462
1400,0.15822206651576198,Saturday,Saturday 23:20,0.1135150491375338
1405,0.0,Saturday,Saturday 23:25,0.10490826886548242
1410,0.15449092480092622,Saturday,Saturday 23:30,0.09532907440442409
1415,0.0,Saturday,Saturday 23:35,0.08565611288192165
1420,0.0,Saturday,Saturday 23:40,0.07667000734065446
1425,0.20457988043043332,Saturday,Saturday 23:45,0.06894191349483972
1430,0.0,Saturday,Saturday 23:50,0.06281841166117146
1435,0.0,Saturday,Saturday 23:55,0.05845945755390794
0,0.07935112600957556,Sunday,Sunday 00:00,0.055887103547679444
5,0.0,Sunday,Sunday 00:05,0.05509432532155691
10,0.0,Sunday,Sunday 00:10,0.05606776873049725
15,0.22741489511455004,Sunday,Sunday 00:15,0.05876856621215546
20,0.0,Sunday,Sunday 00:20,0.06306982857619983
25,0.0,Sunday,Sunday 00:25,0.0686791901561893
30,0.0,Sunday,Sunday 00:30,0.07503321733717025
35,0.0,Sunday,Sunday 00:35,0.08137707278070763
40,0.0,Sunday,Sunday 00:40,0.08684546364840595
45,0.6241024695302253,Sunday,Sunday 00:45,0.0906805023343464
50,0.0,Sunday,Sunday 00:50,0.09243179898332915
55,0.0,Sunday,Sunday 00:55,0.09209772093933845
60,0.11915037112680109,Sunday,Sunday 01:00,0.09007973890493323
65,0.0,Sunday,Sunday 01:05,0.08715017096995423
70,0.0,Sunday,Sunday 01:10,0.08415573320730363
75,0.32681465742614474,Sunday,Sunday 01:15,0.08198400981485059
80,0.0,Sunday,Sunday 01:20,0.08128715533470268
85,0.0,Sunday,Sunday 01:25,0.08252903265623537
90,0.0,Sunday,Sunday 01:30,0.08601079367575395
95,0.0,Sunday,Sunday 01:35,0.09200266062528357
100,0.0,Sunday,Sunday 01:40,0.10082472963089714
105,0.5833860574376617,Sunday,Sunday 01:45,0.11305874090428886
110,0.0,Sunday,Sunday 01:50,0.12942992510839124
115,0.0,Sunday,Sunday 01:55,0.1506280306162374
120,0.0,Sunday,Sunday 02:00,0.17690352767786433
125,0.0,Sunday,Sunday 02:05,0.2076828294470127
130,0.0,Sunday,Sunday 02:10,0.24127635255727237
135,0.7288702072297222,Sunday,Sunday 02:15,0.275048094323163
140,0.0,Sunday,Sunday 02:20,0.3057425193613109
145,1.0,Sunday,Sunday 02:25,0.3301840038263611
150,0.0,Sunday,Sunday 02:30,0.34591007739876567
155,1.0,Sunday,Sunday 02:35,0.35159987709834967
160,0.4099391374671899,Sunday,Sunday 02:40,0.34720419823140963
165,0.0,Sunday,Sunday 02:45,0.33377343070717796
170,0.0,Sunday,Sunday 02:50,0.31308538277599696
175,1.0,Sunday,Sunday 02:55,0.28725342976043383
180,0.1459817153614348,Sunday,Sunday 03:00,0.25840642843241446
185,0.24570502665477098,Sunday,Sunday 03:05,0.2284598912517529
190,0.0,Sunday,Sunday 03:10,0.19897263742129884
195,0.0,Sunday,Sunday 03:15,0.17113095323690233
200,0.0,Sunday,Sunday 03:20,0.14572489434284056
205,0.5556561329640982,Sunday,Sunday 03:25,0.12327196581976825
210,0.0,Sunday,Sunday 03:30,0.10413033436225799
215,0.0,Sunday,Sunday 03:35,0.08858709402088724
220,0.0,Sunday,Sunday 03:40,0.07684727567835574
225,0.0,Sunday,Sunday 03:45,0.068982094306797
230,0.0,Sunday,Sunday 03:50,0.06473516973627627
235,0.0,Sunday,Sunday 03:55,0.0635691564683605
240,0.09449000839259003,Sunday,Sunday 04:00,0.06457281105369937
245,0.0,Sunday,Sunday 04:05,0.06678784720624555
250,0.2949735331325429,Sunday,Sunday 04:10,0.06930499145118965
255,0.14382911760357506,Sunday,Sunday 04:15,0.07149654213410138
260,0.0,Sunday,Sunday 04:20,0.07306694270003475
265,0.0,Sunday,Sunday 04:25,0.07403863425311277
270,0.0,Sunday,Sunday 04:30,0.07451209117418224
275,0.0,Sunday,Sunday 04:35,0.07463498886400136
280,0.2691801927318846,Sunday,Sunday 04:40,0.07449869039337409
285,0.17188621641168486,Sunday,Sunday 04:45,0.07417878725228745
290,0.0,Sunday,Sunday 04:50,0.07376881763374947
295,0.0,Sunday,Sunday 04:55,0.07343752061174537
300,0.08828545660221919,Sunday,Sunday 05:00,0.07337569828701968
305,0.0,Sunday,Sunday 05:05,0.07380603750793106
310,0.07379905825092282,Sunday,Sunday 05:10,0.07492429793435544
315,0.20830489662227306,Sunday,Sunday 05:15,0.07690140015768442
320,0.0,Sunday,Sunday 05:20,0.07987467825328401
325,0.10854482217834187,Sunday,Sunday 05:25,0.08394487923130912
330,0.06078398063553956,Sunday,Sunday 05:30,0.08914469823663483
335,0.040168177780530175,Sunday,Sunday 05:35,0.09537848848079693
340,0.0,Sunday,Sunday 05:40,0.10240224272059037
345,0.17584527232018513,Sunday,Sunday 05:45,0.10983268612154487
350,0.18001648453826538,Sunday,Sunday 05:50,0.11723020371959714
355,0.18795436327418036,Sunday,Sunday 05:55,0.12423173347653133
360,0.09769005393337646,Sunday,Sunday 06:00,0.13066286119367027
365,0.11830134452096222,Sunday,Sunday 06:05,0.13658570110259177
370,0.21315712620942764,Sunday,Sunday 06:10,0.1422598146324185
375,0.09233954577617096,Sunday,Sunday 06:15,0.1480301230118585
380,0.07904593290870068,Sunday,Sunday 06:20,0.15417399692803874
385,0.19882321294075375,Sunday,Sunday 06:25,0.16078233072841197
390,0.10992881990497447,Sunday,Sunday 06:30,0.16771265511320693
395,0.21006303381203417,Sunday,Sunday 06:35,0.17460336442955984
400,0.20593710899775955,Sunday,Sunday 06:40,0.18099955846949026
405,0.2150541374136683,Sunday,Sunday 06:45,0.18650532214517448
410,0.200923694874763,Sunday,Sunday 06:50,0.19089421653644306
415,0.2785180799228152,Sunday,Sunday 06:55,0.19420823012154365
420,0.139421969679697,Sunday,Sunday 07:00,0.1967397210684402
425,0.2201300807046841,Sunday,Sunday 07:05,0.19896619505694463
430,0.1848486588959407,Sunday,Sunday 07:10,0.20140392732973095
435,0.11409378733240773,Sunday,Sunday 07:15,0.20450870623184245
440,0.16590159895160186,Sunday,Sunday 07:20,0.2085513344544224
445,0.3589854262764724,Sunday,Sunday 07:25,0.21359347901650433
450,0.151182114809912,Sunday,Sunday 07:30,0.21948198661200533
455,0.17691298081680729,Sunday,Sunday 07:35,0.2259306432980655
460,0.23842171094630304,Sunday,Sunday 07:40,0.2325786393401839
465,0.22170338888770272,Sunday,Sunday 07:45,0.23909996912522155
470,0.3537968472192027,Sunday,Sunday 07:50,0.24526717602863665
475,0.2849943466000907,Sunday,Sunday 07:55,0.25102017967411955
480,0.17428307417107508,Sunday,Sunday 08:00,0.25645982509945053
485,0.254119331716133,Sunday,Sunday 08:05,0.2618398407397972
490,0.2974789483604255,Sunday,Sunday 08:10,0.2674801430059618
495,0.2723411980063048,Sunday,Sunday 08:15,0.27370190626929414
500,0.19511502738664593,Sunday,Sunday 08:20,0.2807347524540711
505,0.36807317817068275,Sunday,Sunday 08:25,0.28867183354925524
510,0.2116681953083566,Sunday,Sunday 08:30,0.2974368971961343
515,0.32665974907295925,Sunday,Sunday 08:35,0.30680851670214015
520,0.2881701084274701,Sunday,Sunday 08:40,0.31646131734503347
525,0.40504119564937635,Sunday,Sunday 08:45,0.3260347451710037
530,0.2693347636678208,Sunday,Sunday 08:50,0.33519601709175106
535,0.4794428403575564,Sunday,Sunday 08:55,0.3436955188983027
540,0.23960898781181075,Sunday,Sunday 09:00,0.35137198495197175
545,0.3993517942006671,Sunday,Sunday 09:05,0.35817787496235287
550,0.36282777412421446,Sunday,Sunday 09:10,0.36414611821999576
555,0.4013563121004892,Sunday,Sunday 09:15,0.3693820711464571
560,0.34238881756310047,Sunday,Sunday 09:20,0.37403856522649237
565,0.4501551228897887,Sunday,Sunday 09:25,0.37830081253300085
570,0.3254163580509678,Sunday,Sunday 09:30,0.3823647582158469
575,0.39119164144987767,Sunday,Sunday 09:35,0.3864231866904153
580,0.37095291923600915,Sunday,Sunday 09:40,0.39064517052698217
585,0.37457123961383293,Sunday,Sunday 09:45,0.3951485523307492
590,0.4594644680849878,Sunday,Sunday 09:50,0.39998332661576896
595,0.4147823652560552,Sunday,Sunday 09:55,0.4051277176098148
600,0.3325228070241978,Sunday,Sunday 10:00,0.4104604141017041
605,0.3961791387104906,Sunday,Sunday 10:05,0.41578337121639614
610,0.4633197123855688,Sunday,Sunday 10:10,0.42082205187682875
615,0.4715034896028114,Sunday,Sunday 10:15,0.42527059969752634
620,0.396336000069643,Sunday,Sunday 10:20,0.42881057403685174
625,0.5040147897093932,Sunday,Sunday 10:25,0.43119607106186586
630,0.3684337216808781,Sunday,Sunday 10:30,0.4322611924247201
635,0.4848693716054565,Sunday,Sunday 10:35,0.4319868465973555
640,0.42516195238064847,Sunday,Sunday 10:40,0.4305005953041184
645,0.4695200784413951,Sunday,Sunday 10:45,0.4280820990188132
650,0.4757531108811975,Sunday,Sunday 10:50,0.4251052592186598
655,0.36222439122960776,Sunday,Sunday 10:55,0.4219894589620543
660,0.37900258322125085,Sunday,Sunday 11:00,0.419103612627988
665,0.3699284467493307,Sunday,Sunday 11:05,0.4167146361548105
670,0.4299675330890888,Sunday,Sunday 11:10,0.41493398032804035
675,0.4574794460746951,Sunday,Sunday 11:15,0.41373480401142215
680,0.4213671923971806,Sunday,Sunday 11:20,0.41298645433133885
685,0.39053303816912205,Sunday,Sunday 11:25,0.41251059123682415
690,0.3793251135154932,Sunday,Sunday 11:30,0.412137714398759
695,0.46349223446839954,Sunday,Sunday 11:35,0.4117427405837724
700,0.35555371808222397,Sunday,Sunday 11:40,0.41126141604983424
705,0.45240943309604215,Sunday,Sunday 11:45,0.4107158857461164
710,0.4558960869943853,Sunday,Sunday 11:50,0.4101937825823742
715,0.3875809095011138,Sunday,Sunday 11:55,0.409862510875625
720,0.3205707532879205,Sunday,Sunday 12:00,0.40992565568422434
725,0.4626205137541864,Sunday,Sunday 12:05,0.4106045998706237
730,0.4330368333377164,Sunday,Sunday 12:10,0.4120761928074394
735,0.3926605193035883,Sunday,Sunday 12:15,0.4144321110463017
740,0.3439713388507833,Sunday,Sunday 12:20,0.4176306967607226
745,0.44118657436062536,Sunday,Sunday 12:25,0.42146630763794884
750,0.4035945856614557,Sunday,Sunday 12:30,0.4255908661379655
755,0.4884562166916983,Sunday,Sunday 12:35,0.42955081960830055
760,0.4345316278194783,Sunday,Sunday 12:40,0.43286256103279164
765,0.3835138565736899,Sunday,Sunday 12:45,0.43511231363800995
770,0.5123226565169066,Sunday,Sunday 12:50,0.43603309517530353
775,0.550978161999457,Sunday,Sunday 12:55,0.4355663343346022
780,0.3343158218499931,Sunday,Sunday 13:00,0.4338824691247194
785,0.4600035825286233,Sunday,Sunday 13:05,0.4313394575427649
790,0.40073485914147927,Sunday,Sunday 13:10,0.42840407976593275
795,0.4345333437740223,Sunday,Sunday 13:15,0.4255700564171783
800,0.4330306894775943,Sunday,Sunday 13:20,0.4232409255042539
805,0.4045791506158669,Sunday,Sunday 13:25,0.42165795639846204
810,0.3569862542144864,Sunday,Sunday 13:30,0.42086576188305624
815,0.3941922519461236,Sunday,Sunday 13:35,0.42071629708852437
820,0.47129539980986507,Sunday,Sunday 13:40,0.4209255871441601
825,0.4283272942917461,Sunday,Sunday 13:45,0.4211683936980386
830,0.43938958453079513,Sunday,Sunday 13:50,0.4211759971828328
835,0.473231231103308,Sunday,Sunday 13:55,0.42081414347952417
840,0.36693290048953575,Sunday,Sunday 14:00,0.4201043099343186
845,0.4360065936134538,Sunday,Sunday 14:05,0.4191800140127022
850,0.4348457313880444,Sunday,Sunday 14:10,0.4182032900857592
855,0.34381726207660357,Sunday,Sunday 14:15,0.41724614701928847
860,0.450040782325115,Sunday,Sunday 14:20,0.41621977262815774
865,0.39684869787929256,Sunday,Sunday 14:25,0.4148517439923312
870,0.35644424032703576,Sunday,Sunday 14:30,0.4127351802233821
875,0.5106993095611748,Sunday,Sunday 14:35,0.40947299393003045
880,0.4801483636375859,Sunday,Sunday 14:40,0.40482985724255577
885,0.36702237860965803,Sunday,Sunday 14:45,0.39886856282791594
890,0.47054824493206115,Sunday,Sunday 14:50,0.39199685860995204
895,0.3710696370719858,Sunday,Sunday 14:55,0.3849225231115372
900,0.312945566430297,Sunday,Sunday 15:00,0.3784888886455809
905,0.3128985365627964,Sunday,Sunday 15:05,0.3734772663078444
910,0.3506424128990244,Sunday,Sunday 15:10,0.3703981467496295
915,0.29425919435871606,Sunday,Sunday 15:15,0.3693700055916468
920,0.4134208884321892,Sunday,Sunday 15:20,0.37008803414101504
925,0.31584154128182157,Sunday,Sunday 15:25,0.371924397536528
930,0.432353222662726,Sunday,Sunday 15:30,0.3740736264717449
935,0.42323767284650887,Sunday,Sunday 15:35,0.3757567705206339
940,0.3746050712870392,Sunday,Sunday 15:40,0.3763652392681744
945,0.3964489462778329,Sunday,Sunday 15:45,0.3755613942694089
950,0.4416780215040719,Sunday,Sunday 15:50,0.37329580462720235
955,0.3201849197254679,Sunday,Sunday 15:55,0.3697528600471737
960,0.3436721747050186,Sunday,Sunday 16:00,0.36526267243657684
965,0.40237463242060467,Sunday,Sunday 16:05,0.3602102368194711
970,0.31635781064126745,Sunday,Sunday 16:10,0.3549561136231583
975,0.37598987976770937,Sunday,Sunday 16:15,0.34978451755891243
980,0.31641542245599075,Sunday,Sunday 16:20,0.3449003142848758
985,0.3744404014616837,Sunday,Sunday 16:25,0.34041756413182306
990,0.26819601910554086,Sunday,Sunday 16:30,0.33637155916744865
995,0.38252623782458856,Sunday,Sunday 16:35,0.3327316837841457
1000,0.2917901533553926,Sunday,Sunday 16:40,0.32940314090795775
1005,0.3467480408768402,Sunday,Sunday 16:45,0.32622732941071014
1010,0.30473225262742476,Sunday,Sunday 16:50,0.32298926391861194
1015,0.3644296201100196,Sunday,Sunday 16:55,0.31941584798139483
1020,0.27295191248071055,Sunday,Sunday 17:00,0.3152086839318278
1025,0.3334370654878964,Sunday,Sunday 17:05,0.3100871028886851
1030,0.3021853223763702,Sunday,Sunday 17:10,0.3038429547763247
1035,0.32712621636870004,Sunday,Sunday 17:15,0.2964212208148869
1040,0.36690225845934915,Sunday,Sunday 17:20,0.2879691258402638
1045,0.2684658366837542,Sunday,Sunday 17:25,0.27884811297118484
1050,0.26275929357677263,Sunday,Sunday 17:30,0.2695982898275417
1055,0.21419532198596722,Sunday,Sunday 17:35,0.2608376910122182
1060,0.20553359181508749,Sunday,Sunday 17:40,0.2531257489512874
1065,0.25041000536533115,Sunday,Sunday 17:45,0.24685987337411808
1070,0.21516916723093862,Sunday,Sunday 17:50,0.24218315490542774
1075,0.22650969597902434,Sunday,Sunday 17:55,0.23898776959405107
1080,0.19497898310106945,Sunday,Sunday 18:00,0.2369642816103301
1085,0.2664894949978914,Sunday,Sunday 18:05,0.23570311357678758
1090,0.2730559599149606,Sunday,Sunday 18:10,0.2347965602998844
1095,0.28212717321201275,Sunday,Sunday 18:15,0.233920995130997
1100,0.1640754259099861,Sunday,Sunday 18:20,0.23286182196921196
1105,0.23210393293118725,Sunday,Sunday 18:25,0.23152196066921268
1110,0.21362959672851412,Sunday,Sunday 18:30,0.22986882851974685
1115,0.2803169272026359,Sunday,Sunday 18:35,0.22790401863400175
1120,0.22842056780035155,Sunday,Sunday 18:40,0.2256166543826602
1125,0.19856257156527324,Sunday,Sunday 18:45,0.22297610895625894
1130,0.2210427362227555,Sunday,Sunday 18:50,0.21992636871613253
1135,0.23685809003857594,Sunday,Sunday 18:55,0.21641673327313546
1140,0.17290281518855205,Sunday,Sunday 19:00,0.21242492730796592
1145,0.26035884979440577,Sunday,Sunday 19:05,0.20799609133663577
1150,0.2478794203258606,Sunday,Sunday 19:10,0.20324484087205025
1155,0.16552805273771384,Sunday,Sunday 19:15,0.19836697137877718
1160,0.20931060253568046,Sunday,Sunday 19:20,0.19360420023711494
1165,0.09061644674033702,Sunday,Sunday 19:25,0.18921966119787212
1170,0.18220660815377024,Sunday,Sunday 19:30,0.18545486901050268
1175,0.2660226452251031,Sunday,Sunday 19:35,0.18252619751134458
1180,0.16321765861508258,Sunday,Sunday 19:40,0.18058802319254982
1185,0.16683629800785735,Sunday,Sunday 19:45,0.17973554453274676
1190,0.12433440428217254,Sunday,Sunday 19:50,0.17995965449354673
1195,0.151607700474347,Sunday,Sunday 19:55,0.18113874073478806
1200,0.15757146495327526,Sunday,Sunday 20:00,0.18300376676092653
1205,0.2724839461706416,Sunday,Sunday 20:05,0.18515940068763587
1210,0.13851087108720184,Sunday,Sunday 20:10,0.18713628256698023
1215,0.22545151570522717,Sunday,Sunday 20:15,0.18846666216062852
1220,0.15020635887737527,Sunday,Sunday 20:20,0.18877061480134166
1225,0.30373912206215636,Sunday,Sunday 20:25,0.18783392120333597
1230,0.18687000254115896,Sunday,Sunday 20:30,0.18561101214975279
1235,0.1751557613650836,Sunday,Sunday 20:35,0.1822263687831323
1240,0.13736329302161132,Sunday,Sunday 20:40,0.1779039637219596
1245,0.19945363155598203,Sunday,Sunday 20:45,0.17290237010318923
1250,0.1075534959195263,Sunday,Sunday 20:50,0.1674550560236931
1255,0.2581072003299308,Sunday,Sunday 20:55,0.16174160661767562
1260,0.12480576961605312,Sunday,Sunday 21:00,0.15589416786464275
1265,0.16955492836520786,Sunday,Sunday 21:05,0.15000130607269935
1270,0.08093971325601208,Sunday,Sunday 21:10,0.1441251162199542
1275,0.16548539684547578,Sunday,Sunday 21:15,0.13833786649874927
1280,0.16704882770090013,Sunday,Sunday 21:20,0.13274430480233526
1285,0.05917462295134041,Sunday,Sunday 21:25,0.12750774795468925
1290,0.1445588336635467,Sunday,Sunday 21:30,0.12286960564176613
1295,0.1894404211604067,Sunday,Sunday 21:35,0.11913907877304271
1300,0.04580888055827697,Sunday,Sunday 21:40,0.11663049187313004
1305,0.1535270428385554,Sunday,Sunday 21:45,0.1155820045263513
1310,0.0,Sunday,Sunday 21:50,0.11603268192210521
1315,0.025703751720202315,Sunday,Sunday 21:55,0.11778407166414803
1320,0.10768042777040328,Sunday,Sunday 22:00,0.12038522770491836
1325,0.29673769637768627,Sunday,Sunday 22:05,0.12323302889009337
1330,0.15839640966725793,Sunday,Sunday 22:10,0.12572635131274518
1335,0.06777099529031902,Sunday,Sunday 22:15,0.1274058568099924
1340,0.14516221476241095,Sunday,Sunday 22:20,0.1280704733422691
1345,0.16129064688859981,Sunday,Sunday 22:25,0.12782486285233446
1350,0.10651372127220894,Sunday,Sunday 22:30,0.1270005756431022
1355,0.1068989597256248,Sunday,Sunday 22:35,0.12608041055217095
1360,0.18346755316213148,Sunday,Sunday 22:40,0.12552655053822317
1365,0.10671766494202511,Sunday,Sunday 22:45,0.1256270377985951
1370,0.07140351140705045,Sunday,Sunday 22:50,0.12637041254606257
1375,0.0,Sunday,Sunday 22:55,0.12739370055800983
1380,0.10892955608825887,Sunday,Sunday 23:00,0.12802982474513538
1385,0.2888986576786931,Sunday,Sunday 23:05,0.12749055782663235
1390,0.19430984170936982,Sunday,Sunday 23:10,0.12507460785187882
1395,0.1937624838253995,Sunday,Sunday 23:15,0.12040108127848462
1400,0.15822206651576198,Sunday,Sunday 23:20,0.1135150491375338
1405,0.0,Sunday,Sunday 23:25,0.10490826886548242
1410,0.15449092480092622,Sunday,Sunday 23:30,0.09532907440442409
1415,0.0,Sunday,Sunday 23:35,0.08565611288192165
1420,0.0,Sunday,Sunday 23:40,0.07667000734065446
1425,0.20457988043043332,Sunday,Sunday 23:45,0.06894191349483972
1430,0.0,Sunday,Sunday 23:50,0.06281841166117146
1435,0.0,Sunday,Sunday 23:55,0.05845945755390794
